-- phpMyAdmin SQL Dump
-- version 5.2.1
-- https://www.phpmyadmin.net/
--
-- Máy chủ: 127.0.0.1
-- Thời gian đã tạo: Th3 06, 2024 lúc 08:06 AM
-- Phiên bản máy phục vụ: 10.4.32-MariaDB
-- Phiên bản PHP: 8.2.12

SET SQL_MODE = "NO_AUTO_VALUE_ON_ZERO";
START TRANSACTION;
SET time_zone = "+00:00";


/*!40101 SET @OLD_CHARACTER_SET_CLIENT=@@CHARACTER_SET_CLIENT */;
/*!40101 SET @OLD_CHARACTER_SET_RESULTS=@@CHARACTER_SET_RESULTS */;
/*!40101 SET @OLD_COLLATION_CONNECTION=@@COLLATION_CONNECTION */;
/*!40101 SET NAMES utf8mb4 */;

--
-- Cơ sở dữ liệu: `humanresource`
--

-- --------------------------------------------------------

--
-- Cấu trúc bảng cho bảng `department`
--

CREATE TABLE `department` (
  `DepartmentID` smallint(6) NOT NULL,
  `Name` longtext NOT NULL,
  `GroupName` longtext NOT NULL,
  `ModifiedDate` datetime NOT NULL
) ENGINE=InnoDB DEFAULT CHARSET=utf8mb4 COLLATE=utf8mb4_unicode_ci;

--
-- Đang đổ dữ liệu cho bảng `department`
--

INSERT INTO `department` (`DepartmentID`, `Name`, `GroupName`, `ModifiedDate`) VALUES
(0, 'Name', 'GroupName', '0000-00-00 00:00:00'),
(1, 'Engineering', 'Research and Development', '0000-00-00 00:00:00'),
(2, 'Tool Design', 'Research and Development', '0000-00-00 00:00:00'),
(3, 'Sales', 'Sales and Marketing', '0000-00-00 00:00:00'),
(4, 'Marketing', 'Sales and Marketing', '0000-00-00 00:00:00'),
(5, 'Purchasing', 'Inventory Management', '0000-00-00 00:00:00'),
(6, 'Research and Development', 'Research and Development', '0000-00-00 00:00:00'),
(7, 'Production', 'Manufacturing', '0000-00-00 00:00:00'),
(8, 'Production Control', 'Manufacturing', '0000-00-00 00:00:00'),
(9, 'Human Resources', 'Executive General and Administration', '0000-00-00 00:00:00'),
(10, 'Finance', 'Executive General and Administration', '0000-00-00 00:00:00'),
(11, 'Information Services', 'Executive General and Administration', '0000-00-00 00:00:00'),
(12, 'Document Control', 'Quality Assurance', '0000-00-00 00:00:00'),
(13, 'Quality Assurance', 'Quality Assurance', '0000-00-00 00:00:00'),
(14, 'Facilities and Maintenance', 'Executive General and Administration', '0000-00-00 00:00:00'),
(15, 'Shipping and Receiving', 'Inventory Management', '0000-00-00 00:00:00'),
(16, 'Executive', 'Executive General and Administration', '0000-00-00 00:00:00');

-- --------------------------------------------------------

--
-- Cấu trúc bảng cho bảng `employeedepartmenthistory`
--

CREATE TABLE `employeedepartmenthistory` (
  `BusinessEntityID` int(11) NOT NULL,
  `DepartmentID` smallint(6) NOT NULL,
  `ShiftID` tinyint(4) NOT NULL,
  `StartDate` date NOT NULL,
  `EndDate` date NOT NULL,
  `ModifiedDate` datetime NOT NULL
) ENGINE=InnoDB DEFAULT CHARSET=utf8mb4 COLLATE=utf8mb4_unicode_ci;

--
-- Đang đổ dữ liệu cho bảng `employeedepartmenthistory`
--

INSERT INTO `employeedepartmenthistory` (`BusinessEntityID`, `DepartmentID`, `ShiftID`, `StartDate`, `EndDate`, `ModifiedDate`) VALUES
(0, 0, 0, '0000-00-00', '0000-00-00', '0000-00-00 00:00:00'),
(1, 16, 1, '0000-00-00', '0000-00-00', '0000-00-00 00:00:00'),
(2, 1, 1, '0000-00-00', '0000-00-00', '0000-00-00 00:00:00'),
(3, 1, 1, '0000-00-00', '0000-00-00', '0000-00-00 00:00:00'),
(4, 1, 1, '0000-00-00', '0000-00-00', '0000-00-00 00:00:00'),
(4, 2, 1, '0000-00-00', '0000-00-00', '0000-00-00 00:00:00'),
(5, 1, 1, '0000-00-00', '0000-00-00', '0000-00-00 00:00:00'),
(6, 1, 1, '0000-00-00', '0000-00-00', '0000-00-00 00:00:00'),
(7, 6, 1, '0000-00-00', '0000-00-00', '0000-00-00 00:00:00'),
(8, 6, 1, '0000-00-00', '0000-00-00', '0000-00-00 00:00:00'),
(9, 6, 1, '0000-00-00', '0000-00-00', '0000-00-00 00:00:00'),
(10, 6, 1, '0000-00-00', '0000-00-00', '0000-00-00 00:00:00'),
(11, 2, 1, '0000-00-00', '0000-00-00', '0000-00-00 00:00:00'),
(12, 2, 1, '0000-00-00', '0000-00-00', '0000-00-00 00:00:00'),
(13, 2, 1, '0000-00-00', '0000-00-00', '0000-00-00 00:00:00'),
(14, 1, 1, '0000-00-00', '0000-00-00', '0000-00-00 00:00:00'),
(15, 1, 1, '0000-00-00', '0000-00-00', '0000-00-00 00:00:00'),
(16, 5, 1, '0000-00-00', '0000-00-00', '0000-00-00 00:00:00'),
(16, 4, 1, '0000-00-00', '0000-00-00', '0000-00-00 00:00:00'),
(17, 4, 1, '0000-00-00', '0000-00-00', '0000-00-00 00:00:00'),
(18, 4, 1, '0000-00-00', '0000-00-00', '0000-00-00 00:00:00'),
(19, 4, 1, '0000-00-00', '0000-00-00', '0000-00-00 00:00:00'),
(20, 4, 1, '0000-00-00', '0000-00-00', '0000-00-00 00:00:00'),
(21, 4, 1, '0000-00-00', '0000-00-00', '0000-00-00 00:00:00'),
(22, 4, 1, '0000-00-00', '0000-00-00', '0000-00-00 00:00:00'),
(23, 4, 1, '0000-00-00', '0000-00-00', '0000-00-00 00:00:00'),
(24, 4, 1, '0000-00-00', '0000-00-00', '0000-00-00 00:00:00'),
(25, 7, 1, '0000-00-00', '0000-00-00', '0000-00-00 00:00:00'),
(26, 8, 1, '0000-00-00', '0000-00-00', '0000-00-00 00:00:00'),
(27, 7, 1, '0000-00-00', '0000-00-00', '0000-00-00 00:00:00'),
(28, 7, 1, '0000-00-00', '0000-00-00', '0000-00-00 00:00:00'),
(29, 7, 1, '0000-00-00', '0000-00-00', '0000-00-00 00:00:00'),
(30, 7, 1, '0000-00-00', '0000-00-00', '0000-00-00 00:00:00'),
(31, 7, 1, '0000-00-00', '0000-00-00', '0000-00-00 00:00:00'),
(32, 7, 1, '0000-00-00', '0000-00-00', '0000-00-00 00:00:00'),
(33, 7, 1, '0000-00-00', '0000-00-00', '0000-00-00 00:00:00'),
(34, 7, 1, '0000-00-00', '0000-00-00', '0000-00-00 00:00:00'),
(35, 7, 1, '0000-00-00', '0000-00-00', '0000-00-00 00:00:00'),
(36, 7, 1, '0000-00-00', '0000-00-00', '0000-00-00 00:00:00'),
(37, 7, 1, '0000-00-00', '0000-00-00', '0000-00-00 00:00:00'),
(38, 7, 1, '0000-00-00', '0000-00-00', '0000-00-00 00:00:00'),
(39, 7, 1, '0000-00-00', '0000-00-00', '0000-00-00 00:00:00'),
(40, 7, 3, '0000-00-00', '0000-00-00', '0000-00-00 00:00:00'),
(41, 7, 3, '0000-00-00', '0000-00-00', '0000-00-00 00:00:00'),
(42, 7, 3, '0000-00-00', '0000-00-00', '0000-00-00 00:00:00'),
(43, 7, 3, '0000-00-00', '0000-00-00', '0000-00-00 00:00:00'),
(44, 7, 3, '0000-00-00', '0000-00-00', '0000-00-00 00:00:00'),
(45, 7, 3, '0000-00-00', '0000-00-00', '0000-00-00 00:00:00'),
(46, 7, 3, '0000-00-00', '0000-00-00', '0000-00-00 00:00:00'),
(47, 7, 1, '0000-00-00', '0000-00-00', '0000-00-00 00:00:00'),
(48, 7, 1, '0000-00-00', '0000-00-00', '0000-00-00 00:00:00'),
(49, 7, 1, '0000-00-00', '0000-00-00', '0000-00-00 00:00:00'),
(50, 7, 1, '0000-00-00', '0000-00-00', '0000-00-00 00:00:00'),
(51, 7, 1, '0000-00-00', '0000-00-00', '0000-00-00 00:00:00'),
(52, 7, 1, '0000-00-00', '0000-00-00', '0000-00-00 00:00:00'),
(53, 7, 1, '0000-00-00', '0000-00-00', '0000-00-00 00:00:00'),
(54, 7, 1, '0000-00-00', '0000-00-00', '0000-00-00 00:00:00'),
(55, 7, 3, '0000-00-00', '0000-00-00', '0000-00-00 00:00:00'),
(56, 7, 3, '0000-00-00', '0000-00-00', '0000-00-00 00:00:00'),
(57, 7, 3, '0000-00-00', '0000-00-00', '0000-00-00 00:00:00'),
(58, 7, 3, '0000-00-00', '0000-00-00', '0000-00-00 00:00:00'),
(59, 7, 3, '0000-00-00', '0000-00-00', '0000-00-00 00:00:00'),
(60, 7, 3, '0000-00-00', '0000-00-00', '0000-00-00 00:00:00'),
(61, 7, 3, '0000-00-00', '0000-00-00', '0000-00-00 00:00:00'),
(62, 7, 2, '0000-00-00', '0000-00-00', '0000-00-00 00:00:00'),
(63, 7, 2, '0000-00-00', '0000-00-00', '0000-00-00 00:00:00'),
(64, 7, 2, '0000-00-00', '0000-00-00', '0000-00-00 00:00:00'),
(65, 7, 2, '0000-00-00', '0000-00-00', '0000-00-00 00:00:00'),
(66, 7, 2, '0000-00-00', '0000-00-00', '0000-00-00 00:00:00'),
(67, 7, 2, '0000-00-00', '0000-00-00', '0000-00-00 00:00:00'),
(68, 7, 2, '0000-00-00', '0000-00-00', '0000-00-00 00:00:00'),
(69, 7, 2, '0000-00-00', '0000-00-00', '0000-00-00 00:00:00'),
(70, 7, 2, '0000-00-00', '0000-00-00', '0000-00-00 00:00:00'),
(71, 7, 3, '0000-00-00', '0000-00-00', '0000-00-00 00:00:00'),
(72, 7, 3, '0000-00-00', '0000-00-00', '0000-00-00 00:00:00'),
(73, 7, 3, '0000-00-00', '0000-00-00', '0000-00-00 00:00:00'),
(74, 7, 3, '0000-00-00', '0000-00-00', '0000-00-00 00:00:00'),
(75, 7, 3, '0000-00-00', '0000-00-00', '0000-00-00 00:00:00'),
(76, 7, 3, '0000-00-00', '0000-00-00', '0000-00-00 00:00:00'),
(77, 7, 3, '0000-00-00', '0000-00-00', '0000-00-00 00:00:00'),
(78, 7, 2, '0000-00-00', '0000-00-00', '0000-00-00 00:00:00'),
(79, 7, 2, '0000-00-00', '0000-00-00', '0000-00-00 00:00:00'),
(80, 7, 2, '0000-00-00', '0000-00-00', '0000-00-00 00:00:00'),
(81, 7, 2, '0000-00-00', '0000-00-00', '0000-00-00 00:00:00'),
(82, 7, 2, '0000-00-00', '0000-00-00', '0000-00-00 00:00:00'),
(83, 7, 2, '0000-00-00', '0000-00-00', '0000-00-00 00:00:00'),
(84, 7, 2, '0000-00-00', '0000-00-00', '0000-00-00 00:00:00'),
(85, 7, 2, '0000-00-00', '0000-00-00', '0000-00-00 00:00:00'),
(86, 7, 2, '0000-00-00', '0000-00-00', '0000-00-00 00:00:00'),
(87, 7, 3, '0000-00-00', '0000-00-00', '0000-00-00 00:00:00'),
(88, 7, 3, '0000-00-00', '0000-00-00', '0000-00-00 00:00:00'),
(89, 7, 3, '0000-00-00', '0000-00-00', '0000-00-00 00:00:00'),
(90, 7, 3, '0000-00-00', '0000-00-00', '0000-00-00 00:00:00'),
(91, 7, 3, '0000-00-00', '0000-00-00', '0000-00-00 00:00:00'),
(92, 7, 3, '0000-00-00', '0000-00-00', '0000-00-00 00:00:00'),
(93, 7, 2, '0000-00-00', '0000-00-00', '0000-00-00 00:00:00'),
(94, 7, 2, '0000-00-00', '0000-00-00', '0000-00-00 00:00:00'),
(95, 7, 2, '0000-00-00', '0000-00-00', '0000-00-00 00:00:00'),
(96, 7, 2, '0000-00-00', '0000-00-00', '0000-00-00 00:00:00'),
(97, 7, 2, '0000-00-00', '0000-00-00', '0000-00-00 00:00:00'),
(98, 7, 2, '0000-00-00', '0000-00-00', '0000-00-00 00:00:00'),
(99, 7, 2, '0000-00-00', '0000-00-00', '0000-00-00 00:00:00'),
(100, 7, 2, '0000-00-00', '0000-00-00', '0000-00-00 00:00:00'),
(101, 7, 2, '0000-00-00', '0000-00-00', '0000-00-00 00:00:00'),
(102, 7, 2, '0000-00-00', '0000-00-00', '0000-00-00 00:00:00'),
(103, 7, 2, '0000-00-00', '0000-00-00', '0000-00-00 00:00:00'),
(104, 7, 2, '0000-00-00', '0000-00-00', '0000-00-00 00:00:00'),
(105, 7, 2, '0000-00-00', '0000-00-00', '0000-00-00 00:00:00'),
(106, 7, 2, '0000-00-00', '0000-00-00', '0000-00-00 00:00:00'),
(107, 7, 2, '0000-00-00', '0000-00-00', '0000-00-00 00:00:00'),
(108, 7, 1, '0000-00-00', '0000-00-00', '0000-00-00 00:00:00'),
(109, 7, 1, '0000-00-00', '0000-00-00', '0000-00-00 00:00:00'),
(110, 7, 1, '0000-00-00', '0000-00-00', '0000-00-00 00:00:00'),
(111, 7, 1, '0000-00-00', '0000-00-00', '0000-00-00 00:00:00'),
(112, 7, 1, '0000-00-00', '0000-00-00', '0000-00-00 00:00:00'),
(113, 7, 1, '0000-00-00', '0000-00-00', '0000-00-00 00:00:00'),
(114, 7, 1, '0000-00-00', '0000-00-00', '0000-00-00 00:00:00'),
(115, 7, 1, '0000-00-00', '0000-00-00', '0000-00-00 00:00:00'),
(116, 7, 1, '0000-00-00', '0000-00-00', '0000-00-00 00:00:00'),
(117, 7, 1, '0000-00-00', '0000-00-00', '0000-00-00 00:00:00'),
(118, 7, 1, '0000-00-00', '0000-00-00', '0000-00-00 00:00:00'),
(119, 7, 1, '0000-00-00', '0000-00-00', '0000-00-00 00:00:00'),
(120, 7, 1, '0000-00-00', '0000-00-00', '0000-00-00 00:00:00'),
(121, 15, 1, '0000-00-00', '0000-00-00', '0000-00-00 00:00:00'),
(122, 15, 2, '0000-00-00', '0000-00-00', '0000-00-00 00:00:00'),
(123, 15, 2, '0000-00-00', '0000-00-00', '0000-00-00 00:00:00'),
(124, 15, 3, '0000-00-00', '0000-00-00', '0000-00-00 00:00:00'),
(125, 15, 1, '0000-00-00', '0000-00-00', '0000-00-00 00:00:00'),
(126, 15, 1, '0000-00-00', '0000-00-00', '0000-00-00 00:00:00'),
(127, 7, 3, '0000-00-00', '0000-00-00', '0000-00-00 00:00:00'),
(128, 7, 3, '0000-00-00', '0000-00-00', '0000-00-00 00:00:00'),
(129, 7, 3, '0000-00-00', '0000-00-00', '0000-00-00 00:00:00'),
(130, 7, 3, '0000-00-00', '0000-00-00', '0000-00-00 00:00:00'),
(131, 7, 3, '0000-00-00', '0000-00-00', '0000-00-00 00:00:00'),
(132, 7, 3, '0000-00-00', '0000-00-00', '0000-00-00 00:00:00'),
(133, 7, 3, '0000-00-00', '0000-00-00', '0000-00-00 00:00:00'),
(134, 7, 1, '0000-00-00', '0000-00-00', '0000-00-00 00:00:00'),
(135, 7, 1, '0000-00-00', '0000-00-00', '0000-00-00 00:00:00'),
(136, 7, 1, '0000-00-00', '0000-00-00', '0000-00-00 00:00:00'),
(137, 7, 1, '0000-00-00', '0000-00-00', '0000-00-00 00:00:00'),
(138, 7, 1, '0000-00-00', '0000-00-00', '0000-00-00 00:00:00'),
(139, 7, 1, '0000-00-00', '0000-00-00', '0000-00-00 00:00:00'),
(140, 7, 1, '0000-00-00', '0000-00-00', '0000-00-00 00:00:00'),
(141, 7, 1, '0000-00-00', '0000-00-00', '0000-00-00 00:00:00'),
(142, 7, 1, '0000-00-00', '0000-00-00', '0000-00-00 00:00:00'),
(143, 7, 1, '0000-00-00', '0000-00-00', '0000-00-00 00:00:00'),
(144, 7, 1, '0000-00-00', '0000-00-00', '0000-00-00 00:00:00'),
(145, 7, 2, '0000-00-00', '0000-00-00', '0000-00-00 00:00:00'),
(146, 7, 2, '0000-00-00', '0000-00-00', '0000-00-00 00:00:00'),
(147, 7, 2, '0000-00-00', '0000-00-00', '0000-00-00 00:00:00'),
(148, 7, 2, '0000-00-00', '0000-00-00', '0000-00-00 00:00:00'),
(149, 7, 2, '0000-00-00', '0000-00-00', '0000-00-00 00:00:00'),
(150, 7, 2, '0000-00-00', '0000-00-00', '0000-00-00 00:00:00'),
(151, 7, 2, '0000-00-00', '0000-00-00', '0000-00-00 00:00:00'),
(152, 7, 2, '0000-00-00', '0000-00-00', '0000-00-00 00:00:00'),
(153, 7, 2, '0000-00-00', '0000-00-00', '0000-00-00 00:00:00'),
(154, 7, 2, '0000-00-00', '0000-00-00', '0000-00-00 00:00:00'),
(155, 7, 2, '0000-00-00', '0000-00-00', '0000-00-00 00:00:00'),
(156, 7, 2, '0000-00-00', '0000-00-00', '0000-00-00 00:00:00'),
(157, 7, 2, '0000-00-00', '0000-00-00', '0000-00-00 00:00:00'),
(158, 7, 2, '0000-00-00', '0000-00-00', '0000-00-00 00:00:00'),
(159, 7, 2, '0000-00-00', '0000-00-00', '0000-00-00 00:00:00'),
(160, 7, 1, '0000-00-00', '0000-00-00', '0000-00-00 00:00:00'),
(161, 7, 1, '0000-00-00', '0000-00-00', '0000-00-00 00:00:00'),
(162, 7, 1, '0000-00-00', '0000-00-00', '0000-00-00 00:00:00'),
(163, 7, 1, '0000-00-00', '0000-00-00', '0000-00-00 00:00:00'),
(164, 7, 1, '0000-00-00', '0000-00-00', '0000-00-00 00:00:00'),
(165, 7, 1, '0000-00-00', '0000-00-00', '0000-00-00 00:00:00'),
(166, 7, 1, '0000-00-00', '0000-00-00', '0000-00-00 00:00:00'),
(167, 7, 1, '0000-00-00', '0000-00-00', '0000-00-00 00:00:00'),
(168, 7, 1, '0000-00-00', '0000-00-00', '0000-00-00 00:00:00'),
(169, 7, 1, '0000-00-00', '0000-00-00', '0000-00-00 00:00:00'),
(170, 7, 1, '0000-00-00', '0000-00-00', '0000-00-00 00:00:00'),
(171, 7, 1, '0000-00-00', '0000-00-00', '0000-00-00 00:00:00'),
(172, 7, 1, '0000-00-00', '0000-00-00', '0000-00-00 00:00:00'),
(173, 7, 1, '0000-00-00', '0000-00-00', '0000-00-00 00:00:00'),
(174, 7, 1, '0000-00-00', '0000-00-00', '0000-00-00 00:00:00'),
(175, 7, 1, '0000-00-00', '0000-00-00', '0000-00-00 00:00:00'),
(176, 7, 1, '0000-00-00', '0000-00-00', '0000-00-00 00:00:00'),
(177, 7, 1, '0000-00-00', '0000-00-00', '0000-00-00 00:00:00'),
(178, 7, 1, '0000-00-00', '0000-00-00', '0000-00-00 00:00:00'),
(179, 7, 1, '0000-00-00', '0000-00-00', '0000-00-00 00:00:00'),
(180, 7, 3, '0000-00-00', '0000-00-00', '0000-00-00 00:00:00'),
(181, 7, 3, '0000-00-00', '0000-00-00', '0000-00-00 00:00:00'),
(182, 7, 3, '0000-00-00', '0000-00-00', '0000-00-00 00:00:00'),
(183, 7, 3, '0000-00-00', '0000-00-00', '0000-00-00 00:00:00'),
(184, 7, 3, '0000-00-00', '0000-00-00', '0000-00-00 00:00:00'),
(185, 7, 3, '0000-00-00', '0000-00-00', '0000-00-00 00:00:00'),
(186, 7, 2, '0000-00-00', '0000-00-00', '0000-00-00 00:00:00'),
(187, 7, 2, '0000-00-00', '0000-00-00', '0000-00-00 00:00:00'),
(188, 7, 2, '0000-00-00', '0000-00-00', '0000-00-00 00:00:00'),
(189, 7, 2, '0000-00-00', '0000-00-00', '0000-00-00 00:00:00'),
(190, 7, 2, '0000-00-00', '0000-00-00', '0000-00-00 00:00:00'),
(191, 7, 2, '0000-00-00', '0000-00-00', '0000-00-00 00:00:00'),
(192, 7, 1, '0000-00-00', '0000-00-00', '0000-00-00 00:00:00'),
(193, 7, 1, '0000-00-00', '0000-00-00', '0000-00-00 00:00:00'),
(194, 7, 1, '0000-00-00', '0000-00-00', '0000-00-00 00:00:00'),
(195, 7, 1, '0000-00-00', '0000-00-00', '0000-00-00 00:00:00'),
(196, 7, 1, '0000-00-00', '0000-00-00', '0000-00-00 00:00:00'),
(197, 7, 1, '0000-00-00', '0000-00-00', '0000-00-00 00:00:00'),
(198, 7, 1, '0000-00-00', '0000-00-00', '0000-00-00 00:00:00'),
(199, 7, 1, '0000-00-00', '0000-00-00', '0000-00-00 00:00:00'),
(200, 7, 1, '0000-00-00', '0000-00-00', '0000-00-00 00:00:00'),
(201, 7, 1, '0000-00-00', '0000-00-00', '0000-00-00 00:00:00'),
(202, 7, 1, '0000-00-00', '0000-00-00', '0000-00-00 00:00:00'),
(203, 7, 1, '0000-00-00', '0000-00-00', '0000-00-00 00:00:00'),
(204, 7, 1, '0000-00-00', '0000-00-00', '0000-00-00 00:00:00'),
(205, 7, 3, '0000-00-00', '0000-00-00', '0000-00-00 00:00:00'),
(206, 7, 3, '0000-00-00', '0000-00-00', '0000-00-00 00:00:00'),
(207, 7, 3, '0000-00-00', '0000-00-00', '0000-00-00 00:00:00'),
(208, 7, 3, '0000-00-00', '0000-00-00', '0000-00-00 00:00:00'),
(209, 7, 3, '0000-00-00', '0000-00-00', '0000-00-00 00:00:00'),
(210, 7, 3, '0000-00-00', '0000-00-00', '0000-00-00 00:00:00'),
(211, 13, 1, '0000-00-00', '0000-00-00', '0000-00-00 00:00:00'),
(212, 13, 1, '0000-00-00', '0000-00-00', '0000-00-00 00:00:00'),
(213, 13, 3, '0000-00-00', '0000-00-00', '0000-00-00 00:00:00'),
(214, 13, 2, '0000-00-00', '0000-00-00', '0000-00-00 00:00:00'),
(215, 13, 1, '0000-00-00', '0000-00-00', '0000-00-00 00:00:00'),
(216, 13, 1, '0000-00-00', '0000-00-00', '0000-00-00 00:00:00'),
(217, 12, 1, '0000-00-00', '0000-00-00', '0000-00-00 00:00:00'),
(218, 12, 3, '0000-00-00', '0000-00-00', '0000-00-00 00:00:00'),
(219, 12, 1, '0000-00-00', '0000-00-00', '0000-00-00 00:00:00'),
(220, 12, 1, '0000-00-00', '0000-00-00', '0000-00-00 00:00:00'),
(221, 12, 2, '0000-00-00', '0000-00-00', '0000-00-00 00:00:00'),
(222, 8, 1, '0000-00-00', '0000-00-00', '0000-00-00 00:00:00'),
(223, 8, 1, '0000-00-00', '0000-00-00', '0000-00-00 00:00:00'),
(224, 7, 1, '0000-00-00', '0000-00-00', '0000-00-00 00:00:00'),
(224, 8, 1, '0000-00-00', '0000-00-00', '0000-00-00 00:00:00'),
(225, 8, 2, '0000-00-00', '0000-00-00', '0000-00-00 00:00:00'),
(226, 8, 3, '0000-00-00', '0000-00-00', '0000-00-00 00:00:00'),
(227, 14, 1, '0000-00-00', '0000-00-00', '0000-00-00 00:00:00'),
(228, 14, 1, '0000-00-00', '0000-00-00', '0000-00-00 00:00:00'),
(229, 14, 3, '0000-00-00', '0000-00-00', '0000-00-00 00:00:00'),
(230, 14, 2, '0000-00-00', '0000-00-00', '0000-00-00 00:00:00'),
(231, 14, 3, '0000-00-00', '0000-00-00', '0000-00-00 00:00:00'),
(232, 14, 2, '0000-00-00', '0000-00-00', '0000-00-00 00:00:00'),
(233, 14, 1, '0000-00-00', '0000-00-00', '0000-00-00 00:00:00'),
(234, 10, 1, '0000-00-00', '0000-00-00', '0000-00-00 00:00:00'),
(234, 16, 1, '0000-00-00', '0000-00-00', '0000-00-00 00:00:00'),
(235, 9, 1, '0000-00-00', '0000-00-00', '0000-00-00 00:00:00'),
(236, 9, 1, '0000-00-00', '0000-00-00', '0000-00-00 00:00:00'),
(237, 9, 1, '0000-00-00', '0000-00-00', '0000-00-00 00:00:00'),
(238, 9, 1, '0000-00-00', '0000-00-00', '0000-00-00 00:00:00'),
(239, 9, 1, '0000-00-00', '0000-00-00', '0000-00-00 00:00:00'),
(240, 9, 1, '0000-00-00', '0000-00-00', '0000-00-00 00:00:00'),
(241, 10, 1, '0000-00-00', '0000-00-00', '0000-00-00 00:00:00'),
(242, 10, 1, '0000-00-00', '0000-00-00', '0000-00-00 00:00:00'),
(243, 10, 1, '0000-00-00', '0000-00-00', '0000-00-00 00:00:00'),
(244, 10, 1, '0000-00-00', '0000-00-00', '0000-00-00 00:00:00'),
(245, 10, 1, '0000-00-00', '0000-00-00', '0000-00-00 00:00:00'),
(246, 10, 1, '0000-00-00', '0000-00-00', '0000-00-00 00:00:00'),
(247, 10, 1, '0000-00-00', '0000-00-00', '0000-00-00 00:00:00'),
(248, 10, 1, '0000-00-00', '0000-00-00', '0000-00-00 00:00:00'),
(249, 10, 1, '0000-00-00', '0000-00-00', '0000-00-00 00:00:00'),
(250, 4, 1, '0000-00-00', '0000-00-00', '0000-00-00 00:00:00'),
(250, 13, 1, '0000-00-00', '0000-00-00', '0000-00-00 00:00:00'),
(250, 5, 1, '0000-00-00', '0000-00-00', '0000-00-00 00:00:00'),
(251, 5, 1, '0000-00-00', '0000-00-00', '0000-00-00 00:00:00'),
(252, 5, 1, '0000-00-00', '0000-00-00', '0000-00-00 00:00:00'),
(253, 5, 1, '0000-00-00', '0000-00-00', '0000-00-00 00:00:00'),
(254, 5, 1, '0000-00-00', '0000-00-00', '0000-00-00 00:00:00'),
(255, 5, 1, '0000-00-00', '0000-00-00', '0000-00-00 00:00:00'),
(256, 5, 1, '0000-00-00', '0000-00-00', '0000-00-00 00:00:00'),
(257, 5, 1, '0000-00-00', '0000-00-00', '0000-00-00 00:00:00'),
(258, 5, 1, '0000-00-00', '0000-00-00', '0000-00-00 00:00:00'),
(259, 5, 1, '0000-00-00', '0000-00-00', '0000-00-00 00:00:00'),
(260, 5, 1, '0000-00-00', '0000-00-00', '0000-00-00 00:00:00'),
(261, 5, 1, '0000-00-00', '0000-00-00', '0000-00-00 00:00:00'),
(262, 10, 1, '0000-00-00', '0000-00-00', '0000-00-00 00:00:00'),
(263, 11, 1, '0000-00-00', '0000-00-00', '0000-00-00 00:00:00'),
(264, 11, 1, '0000-00-00', '0000-00-00', '0000-00-00 00:00:00'),
(265, 11, 2, '0000-00-00', '0000-00-00', '0000-00-00 00:00:00'),
(266, 11, 1, '0000-00-00', '0000-00-00', '0000-00-00 00:00:00'),
(267, 11, 1, '0000-00-00', '0000-00-00', '0000-00-00 00:00:00'),
(268, 11, 1, '0000-00-00', '0000-00-00', '0000-00-00 00:00:00'),
(269, 11, 1, '0000-00-00', '0000-00-00', '0000-00-00 00:00:00'),
(270, 11, 1, '0000-00-00', '0000-00-00', '0000-00-00 00:00:00'),
(271, 11, 1, '0000-00-00', '0000-00-00', '0000-00-00 00:00:00'),
(272, 11, 1, '0000-00-00', '0000-00-00', '0000-00-00 00:00:00'),
(273, 3, 1, '0000-00-00', '0000-00-00', '0000-00-00 00:00:00'),
(274, 3, 1, '0000-00-00', '0000-00-00', '0000-00-00 00:00:00'),
(275, 3, 1, '0000-00-00', '0000-00-00', '0000-00-00 00:00:00'),
(276, 3, 1, '0000-00-00', '0000-00-00', '0000-00-00 00:00:00'),
(277, 3, 1, '0000-00-00', '0000-00-00', '0000-00-00 00:00:00'),
(278, 3, 1, '0000-00-00', '0000-00-00', '0000-00-00 00:00:00'),
(279, 3, 1, '0000-00-00', '0000-00-00', '0000-00-00 00:00:00'),
(280, 3, 1, '0000-00-00', '0000-00-00', '0000-00-00 00:00:00'),
(281, 3, 1, '0000-00-00', '0000-00-00', '0000-00-00 00:00:00'),
(282, 3, 1, '0000-00-00', '0000-00-00', '0000-00-00 00:00:00'),
(283, 3, 1, '0000-00-00', '0000-00-00', '0000-00-00 00:00:00'),
(284, 3, 1, '0000-00-00', '0000-00-00', '0000-00-00 00:00:00'),
(285, 3, 1, '0000-00-00', '0000-00-00', '0000-00-00 00:00:00'),
(286, 3, 1, '0000-00-00', '0000-00-00', '0000-00-00 00:00:00'),
(287, 3, 1, '0000-00-00', '0000-00-00', '0000-00-00 00:00:00'),
(288, 3, 1, '0000-00-00', '0000-00-00', '0000-00-00 00:00:00'),
(289, 3, 1, '0000-00-00', '0000-00-00', '0000-00-00 00:00:00'),
(290, 3, 1, '0000-00-00', '0000-00-00', '0000-00-00 00:00:00');

-- --------------------------------------------------------

--
-- Cấu trúc bảng cho bảng `employees`
--

CREATE TABLE `employees` (
  `BusinessEntityID` int(11) NOT NULL,
  `NationnallDNumber` varchar(255) NOT NULL,
  `loginID` text NOT NULL,
  `OrganizationNode` text NOT NULL,
  `OrganizationLever` smallint(6) NOT NULL,
  `Jobtitle` varchar(255) NOT NULL,
  `BirthDate` date NOT NULL,
  `MaritalStatus` char(255) NOT NULL,
  `Gender` char(255) NOT NULL,
  `HireDate` date NOT NULL,
  `VacationHours` smallint(6) NOT NULL,
  `SickLeaveHours` smallint(6) NOT NULL,
  `ModifiedDate` datetime NOT NULL
) ENGINE=InnoDB DEFAULT CHARSET=utf8mb4 COLLATE=utf8mb4_unicode_ci;

--
-- Đang đổ dữ liệu cho bảng `employees`
--

INSERT INTO `employees` (`BusinessEntityID`, `NationnallDNumber`, `loginID`, `OrganizationNode`, `OrganizationLever`, `Jobtitle`, `BirthDate`, `MaritalStatus`, `Gender`, `HireDate`, `VacationHours`, `SickLeaveHours`, `ModifiedDate`) VALUES
(0, 'NationalIDNumber', 'LoginID', 'OrganizationNode', 0, 'JobTitle', '0000-00-00', 'MaritalStatus', 'Gender', '0000-00-00', 0, 0, '0000-00-00 00:00:00'),
(1, '295847284', 'adventure-works\\ken0', '', 0, 'Chief Executive Officer', '0000-00-00', 'S', 'M', '0000-00-00', 99, 69, '0000-00-00 00:00:00'),
(2, '245797967', 'adventure-works\\terri0', '58', 1, 'Vice President of Engineering', '0000-00-00', 'S', 'F', '0000-00-00', 1, 20, '0000-00-00 00:00:00'),
(3, '509647174', 'adventure-works\\roberto0', '5AC0', 2, 'Engineering Manager', '0000-00-00', 'M', 'M', '0000-00-00', 2, 21, '0000-00-00 00:00:00'),
(4, '112457891', 'adventure-works\\rob0', '5AD6', 3, 'Senior Tool Designer', '0000-00-00', 'S', 'M', '0000-00-00', 48, 80, '0000-00-00 00:00:00'),
(5, '695256908', 'adventure-works\\gail0', '5ADA', 3, 'Design Engineer', '0000-00-00', 'M', 'F', '0000-00-00', 5, 22, '0000-00-00 00:00:00'),
(6, '998320692', 'adventure-works\\jossef0', '5ADE', 3, 'Design Engineer', '0000-00-00', 'M', 'M', '0000-00-00', 6, 23, '0000-00-00 00:00:00'),
(7, '134969118', 'adventure-works\\dylan0', '5AE1', 3, 'Research and Development Manager', '0000-00-00', 'M', 'M', '0000-00-00', 61, 50, '0000-00-00 00:00:00'),
(8, '811994146', 'adventure-works\\diane1', '5AE158', 4, 'Research and Development Engineer', '0000-00-00', 'S', 'F', '0000-00-00', 62, 51, '0000-00-00 00:00:00'),
(9, '658797903', 'adventure-works\\gigi0', '5AE168', 4, 'Research and Development Engineer', '0000-00-00', 'M', 'F', '0000-00-00', 63, 51, '0000-00-00 00:00:00'),
(10, '879342154', 'adventure-works\\michael6', '5AE178', 4, 'Research and Development Manager', '0000-00-00', 'M', 'M', '0000-00-00', 16, 64, '0000-00-00 00:00:00'),
(11, '974026903', 'adventure-works\\ovidiu0', '5AE3', 3, 'Senior Tool Designer', '0000-00-00', 'S', 'M', '0000-00-00', 7, 23, '0000-00-00 00:00:00'),
(12, '480168528', 'adventure-works\\thierry0', '5AE358', 4, 'Tool Designer', '0000-00-00', 'M', 'M', '0000-00-00', 9, 24, '0000-00-00 00:00:00'),
(13, '486228782', 'adventure-works\\janice0', '5AE368', 4, 'Tool Designer', '0000-00-00', 'M', 'F', '0000-00-00', 8, 24, '0000-00-00 00:00:00'),
(14, '42487730', 'adventure-works\\michael8', '5AE5', 3, 'Senior Design Engineer', '0000-00-00', 'S', 'M', '0000-00-00', 3, 21, '0000-00-00 00:00:00'),
(15, '56920285', 'adventure-works\\sharon0', '5AE7', 3, 'Design Engineer', '0000-00-00', 'M', 'F', '0000-00-00', 4, 22, '0000-00-00 00:00:00'),
(16, '24756624', 'adventure-works\\david0', '68', 1, 'Marketing Manager', '0000-00-00', 'S', 'M', '0000-00-00', 40, 40, '0000-00-00 00:00:00'),
(17, '253022876', 'adventure-works\\kevin0', '6AC0', 2, 'Marketing Assistant', '0000-00-00', 'S', 'M', '0000-00-00', 42, 41, '0000-00-00 00:00:00'),
(18, '222969461', 'adventure-works\\john5', '6B40', 2, 'Marketing Specialist', '0000-00-00', 'S', 'M', '0000-00-00', 48, 44, '0000-00-00 00:00:00'),
(19, '52541318', 'adventure-works\\mary2', '6BC0', 2, 'Marketing Assistant', '0000-00-00', 'S', 'F', '0000-00-00', 43, 41, '0000-00-00 00:00:00'),
(20, '323403273', 'adventure-works\\wanida0', '6C20', 2, 'Marketing Assistant', '0000-00-00', 'M', 'F', '0000-00-00', 41, 40, '0000-00-00 00:00:00'),
(21, '243322160', 'adventure-works\\terry0', '6C60', 2, 'Marketing Specialist', '0000-00-00', 'M', 'M', '0000-00-00', 44, 42, '0000-00-00 00:00:00'),
(22, '95958330', 'adventure-works\\sariya0', '6CA0', 2, 'Marketing Specialist', '0000-00-00', 'S', 'M', '0000-00-00', 45, 42, '0000-00-00 00:00:00'),
(23, '767955365', 'adventure-works\\mary0', '6CE0', 2, 'Marketing Specialist', '0000-00-00', 'M', 'F', '0000-00-00', 46, 43, '0000-00-00 00:00:00'),
(24, '72636981', 'adventure-works\\jill0', '6D10', 2, 'Marketing Specialist', '0000-00-00', 'M', 'F', '0000-00-00', 47, 43, '0000-00-00 00:00:00'),
(25, '519899904', 'adventure-works\\james1', '78', 1, 'Vice President of Production', '0000-00-00', 'S', 'M', '0000-00-00', 64, 52, '0000-00-00 00:00:00'),
(26, '277173473', 'adventure-works\\peter0', '7AC0', 2, 'Production Control Manager', '0000-00-00', 'M', 'M', '0000-00-00', 43, 41, '0000-00-00 00:00:00'),
(27, '446466105', 'adventure-works\\jo0', '7AD6', 3, 'Production Supervisor - WC60', '0000-00-00', 'S', 'F', '0000-00-00', 80, 60, '0000-00-00 00:00:00'),
(28, '14417807', 'adventure-works\\guy1', '7AD6B0', 4, 'Production Technician - WC60', '0000-00-00', 'M', 'M', '0000-00-00', 21, 30, '0000-00-00 00:00:00'),
(29, '948320468', 'adventure-works\\mark1', '7AD6D0', 4, 'Production Technician - WC60', '0000-00-00', 'S', 'M', '0000-00-00', 19, 29, '0000-00-00 00:00:00'),
(30, '410742000', 'adventure-works\\britta0', '7AD6F0', 4, 'Production Technician - WC60', '0000-00-00', 'M', 'F', '0000-00-00', 14, 27, '0000-00-00 00:00:00'),
(31, '750246141', 'adventure-works\\margie0', '7AD708', 4, 'Production Technician - WC60', '0000-00-00', 'M', 'F', '0000-00-00', 18, 29, '0000-00-00 00:00:00'),
(32, '330211482', 'adventure-works\\rebecca0', '7AD718', 4, 'Production Technician - WC60', '0000-00-00', 'M', 'F', '0000-00-00', 23, 31, '0000-00-00 00:00:00'),
(33, '801758002', 'adventure-works\\annik0', '7AD728', 4, 'Production Technician - WC60', '0000-00-00', 'M', 'M', '0000-00-00', 17, 28, '0000-00-00 00:00:00'),
(34, '754372876', 'adventure-works\\suchitra0', '7AD738', 4, 'Production Technician - WC60', '0000-00-00', 'M', 'F', '0000-00-00', 15, 27, '0000-00-00 00:00:00'),
(35, '999440576', 'adventure-works\\brandon0', '7AD744', 4, 'Production Technician - WC60', '0000-00-00', 'M', 'M', '0000-00-00', 22, 31, '0000-00-00 00:00:00'),
(36, '788456780', 'adventure-works\\jose0', '7AD74C', 4, 'Production Technician - WC60', '0000-00-00', 'M', 'M', '0000-00-00', 20, 30, '0000-00-00 00:00:00'),
(37, '442121106', 'adventure-works\\chris2', '7AD754', 4, 'Production Technician - WC60', '0000-00-00', 'S', 'M', '0000-00-00', 16, 28, '0000-00-00 00:00:00'),
(38, '6298838', 'adventure-works\\kim1', '7AD75C', 4, 'Production Technician - WC60', '0000-00-00', 'M', 'F', '0000-00-00', 24, 32, '0000-00-00 00:00:00'),
(39, '461786517', 'adventure-works\\ed0', '7AD764', 4, 'Production Technician - WC60', '0000-00-00', 'S', 'M', '0000-00-00', 25, 32, '0000-00-00 00:00:00'),
(40, '309738752', 'adventure-works\\jolynn0', '7ADA', 3, 'Production Supervisor - WC60', '0000-00-00', 'S', 'F', '0000-00-00', 82, 61, '0000-00-00 00:00:00'),
(41, '458159238', 'adventure-works\\bryan0', '7ADAB0', 4, 'Production Technician - WC60', '0000-00-00', 'S', 'M', '0000-00-00', 35, 37, '0000-00-00 00:00:00'),
(42, '339712426', 'adventure-works\\james0', '7ADAD0', 4, 'Production Technician - WC60', '0000-00-00', 'M', 'M', '0000-00-00', 39, 39, '0000-00-00 00:00:00'),
(43, '693325305', 'adventure-works\\nancy0', '7ADAF0', 4, 'Production Technician - WC60', '0000-00-00', 'M', 'F', '0000-00-00', 34, 37, '0000-00-00 00:00:00'),
(44, '276751903', 'adventure-works\\simon0', '7ADB08', 4, 'Production Technician - WC60', '0000-00-00', 'S', 'M', '0000-00-00', 38, 39, '0000-00-00 00:00:00'),
(45, '500412746', 'adventure-works\\thomas0', '7ADB18', 4, 'Production Technician - WC60', '0000-00-00', 'M', 'M', '0000-00-00', 37, 38, '0000-00-00 00:00:00'),
(46, '66073987', 'adventure-works\\eugene1', '7ADB28', 4, 'Production Technician - WC60', '0000-00-00', 'S', 'M', '0000-00-00', 36, 38, '0000-00-00 00:00:00'),
(47, '33237992', 'adventure-works\\andrew0', '7ADE', 3, 'Production Supervisor - WC10', '0000-00-00', 'S', 'M', '0000-00-00', 65, 52, '0000-00-00 00:00:00'),
(48, '690627818', 'adventure-works\\ruth0', '7ADEB0', 4, 'Production Technician - WC10', '0000-00-00', 'M', 'F', '0000-00-00', 83, 61, '0000-00-00 00:00:00'),
(49, '912265825', 'adventure-works\\barry0', '7ADED0', 4, 'Production Technician - WC10', '0000-00-00', 'S', 'M', '0000-00-00', 88, 64, '0000-00-00 00:00:00'),
(50, '844973625', 'adventure-works\\sidney0', '7ADEF0', 4, 'Production Technician - WC10', '0000-00-00', 'M', 'M', '0000-00-00', 84, 62, '0000-00-00 00:00:00'),
(51, '132674823', 'adventure-works\\jeffrey0', '7ADF08', 4, 'Production Technician - WC10', '0000-00-00', 'S', 'M', '0000-00-00', 85, 62, '0000-00-00 00:00:00'),
(52, '565090917', 'adventure-works\\doris0', '7ADF18', 4, 'Production Technician - WC10', '0000-00-00', 'M', 'F', '0000-00-00', 86, 63, '0000-00-00 00:00:00'),
(53, '9659517', 'adventure-works\\diane0', '7ADF28', 4, 'Production Technician - WC10', '0000-00-00', 'M', 'F', '0000-00-00', 87, 63, '0000-00-00 00:00:00'),
(54, '109272464', 'adventure-works\\bonnie0', '7ADF38', 4, 'Production Technician - WC10', '0000-00-00', 'M', 'F', '0000-00-00', 89, 64, '0000-00-00 00:00:00'),
(55, '233069302', 'adventure-works\\taylor0', '7AE1', 3, 'Production Supervisor - WC50', '0000-00-00', 'M', 'M', '0000-00-00', 79, 59, '0000-00-00 00:00:00'),
(56, '652535724', 'adventure-works\\denise0', '7AE158', 4, 'Production Technician - WC50', '0000-00-00', 'M', 'F', '0000-00-00', 9, 24, '0000-00-00 00:00:00'),
(57, '10708100', 'adventure-works\\frank1', '7AE168', 4, 'Production Technician - WC50', '0000-00-00', 'S', 'M', '0000-00-00', 10, 25, '0000-00-00 00:00:00'),
(58, '571658797', 'adventure-works\\kendall0', '7AE178', 4, 'Production Technician - WC50', '0000-00-00', 'M', 'M', '0000-00-00', 11, 25, '0000-00-00 00:00:00'),
(59, '843479922', 'adventure-works\\bob0', '7AE184', 4, 'Production Technician - WC50', '0000-00-00', 'S', 'M', '0000-00-00', 12, 26, '0000-00-00 00:00:00'),
(60, '827686041', 'adventure-works\\pete0', '7AE18C', 4, 'Production Technician - WC50', '0000-00-00', 'S', 'M', '0000-00-00', 13, 26, '0000-00-00 00:00:00'),
(61, '92096924', 'adventure-works\\diane2', '7AE194', 4, 'Production Technician - WC50', '0000-00-00', 'S', 'F', '0000-00-00', 8, 24, '0000-00-00 00:00:00'),
(62, '494170342', 'adventure-works\\john0', '7AE3', 3, 'Production Supervisor - WC60', '0000-00-00', 'M', 'M', '0000-00-00', 81, 60, '0000-00-00 00:00:00'),
(63, '414476027', 'adventure-works\\maciej0', '7AE358', 4, 'Production Technician - WC60', '0000-00-00', 'S', 'M', '0000-00-00', 30, 35, '0000-00-00 00:00:00'),
(64, '582347317', 'adventure-works\\michael7', '7AE368', 4, 'Production Technician - WC60', '0000-00-00', 'S', 'M', '0000-00-00', 26, 33, '0000-00-00 00:00:00'),
(65, '8066363', 'adventure-works\\randy0', '7AE378', 4, 'Production Technician - WC60', '0000-00-00', 'M', 'M', '0000-00-00', 29, 34, '0000-00-00 00:00:00'),
(66, '834186596', 'adventure-works\\karan0', '7AE384', 4, 'Production Technician - WC60', '0000-00-00', 'S', 'M', '0000-00-00', 28, 34, '0000-00-00 00:00:00'),
(67, '63179277', 'adventure-works\\jay0', '7AE38C', 4, 'Production Technician - WC60', '0000-00-00', 'S', 'M', '0000-00-00', 32, 36, '0000-00-00 00:00:00'),
(68, '537092325', 'adventure-works\\charles0', '7AE394', 4, 'Production Technician - WC60', '0000-00-00', 'S', 'M', '0000-00-00', 27, 33, '0000-00-00 00:00:00'),
(69, '752513276', 'adventure-works\\steve0', '7AE39C', 4, 'Production Technician - WC60', '0000-00-00', 'S', 'M', '0000-00-00', 31, 35, '0000-00-00 00:00:00'),
(70, '36151748', 'adventure-works\\david2', '7AE3A2', 4, 'Production Technician - WC60', '0000-00-00', 'M', 'M', '0000-00-00', 33, 36, '0000-00-00 00:00:00'),
(71, '578935259', 'adventure-works\\michael3', '7AE5', 3, 'Production Supervisor - WC30', '0000-00-00', 'S', 'M', '0000-00-00', 70, 55, '0000-00-00 00:00:00'),
(72, '443968955', 'adventure-works\\steven0', '7AE558', 4, 'Production Technician - WC30', '0000-00-00', 'M', 'M', '0000-00-00', 41, 40, '0000-00-00 00:00:00'),
(73, '138280935', 'adventure-works\\carole0', '7AE568', 4, 'Production Technician - WC30', '0000-00-00', 'M', 'F', '0000-00-00', 42, 41, '0000-00-00 00:00:00'),
(74, '420023788', 'adventure-works\\bjorn0', '7AE578', 4, 'Production Technician - WC30', '0000-00-00', 'S', 'M', '0000-00-00', 43, 41, '0000-00-00 00:00:00'),
(75, '363996959', 'adventure-works\\michiko0', '7AE584', 4, 'Production Technician - WC30', '0000-00-00', 'S', 'M', '0000-00-00', 44, 42, '0000-00-00 00:00:00'),
(76, '227319668', 'adventure-works\\carol0', '7AE58C', 4, 'Production Technician - WC30', '0000-00-00', 'M', 'F', '0000-00-00', 45, 42, '0000-00-00 00:00:00'),
(77, '301435199', 'adventure-works\\merav0', '7AE594', 4, 'Production Technician - WC30', '0000-00-00', 'M', 'F', '0000-00-00', 46, 43, '0000-00-00 00:00:00'),
(78, '370989364', 'adventure-works\\reuben0', '7AE7', 3, 'Production Supervisor - WC40', '0000-00-00', 'M', 'M', '0000-00-00', 72, 56, '0000-00-00 00:00:00'),
(79, '697712387', 'adventure-works\\eric1', '7AE758', 4, 'Production Technician - WC40', '0000-00-00', 'M', 'M', '0000-00-00', 60, 50, '0000-00-00 00:00:00'),
(80, '943170460', 'adventure-works\\sandeep0', '7AE768', 4, 'Production Technician - WC40', '0000-00-00', 'S', 'M', '0000-00-00', 65, 52, '0000-00-00 00:00:00'),
(81, '413787783', 'adventure-works\\mihail0', '7AE778', 4, 'Production Technician - WC40', '0000-00-00', 'S', 'M', '0000-00-00', 64, 52, '0000-00-00 00:00:00'),
(82, '58791499', 'adventure-works\\jack1', '7AE784', 4, 'Production Technician - WC40', '0000-00-00', 'S', 'M', '0000-00-00', 62, 51, '0000-00-00 00:00:00'),
(83, '988315686', 'adventure-works\\patrick1', '7AE78C', 4, 'Production Technician - WC40', '0000-00-00', 'M', 'M', '0000-00-00', 61, 50, '0000-00-00 00:00:00'),
(84, '947029962', 'adventure-works\\frank3', '7AE794', 4, 'Production Technician - WC40', '0000-00-00', 'M', 'M', '0000-00-00', 66, 53, '0000-00-00 00:00:00'),
(85, '1662732', 'adventure-works\\brian2', '7AE79C', 4, 'Production Technician - WC40', '0000-00-00', 'S', 'M', '0000-00-00', 63, 51, '0000-00-00 00:00:00'),
(86, '769680433', 'adventure-works\\ryan0', '7AE7A2', 4, 'Production Technician - WC40', '0000-00-00', 'M', 'M', '0000-00-00', 59, 49, '0000-00-00 00:00:00'),
(87, '7201901', 'adventure-works\\cristian0', '7AE880', 3, 'Production Supervisor - WC10', '0000-00-00', 'M', 'M', '0000-00-00', 67, 53, '0000-00-00 00:00:00'),
(88, '294148271', 'adventure-works\\betsy0', '7AE8AC', 4, 'Production Technician - WC10', '0000-00-00', 'S', 'F', '0000-00-00', 99, 69, '0000-00-00 00:00:00'),
(89, '90888098', 'adventure-works\\patrick0', '7AE8B4', 4, 'Production Technician - WC10', '0000-00-00', 'S', 'M', '0000-00-00', 96, 68, '0000-00-00 00:00:00'),
(90, '82638150', 'adventure-works\\danielle0', '7AE8BC', 4, 'Production Technician - WC10', '0000-00-00', 'S', 'F', '0000-00-00', 97, 68, '0000-00-00 00:00:00'),
(91, '390124815', 'adventure-works\\kimberly0', '7AE8C2', 4, 'Production Technician - WC10', '0000-00-00', 'S', 'F', '0000-00-00', 95, 67, '0000-00-00 00:00:00'),
(92, '826454897', 'adventure-works\\tom0', '7AE8C6', 4, 'Production Technician - WC10', '0000-00-00', 'M', 'M', '0000-00-00', 98, 69, '0000-00-00 00:00:00'),
(93, '778552911', 'adventure-works\\kok-ho0', '7AE980', 3, 'Production Supervisor - WC50', '0000-00-00', 'S', 'M', '0000-00-00', 78, 59, '0000-00-00 00:00:00'),
(94, '718299860', 'adventure-works\\russell0', '7AE9AC', 4, 'Production Technician - WC50', '0000-00-00', 'M', 'M', '0000-00-00', 6, 23, '0000-00-00 00:00:00'),
(95, '674171828', 'adventure-works\\jim0', '7AE9B4', 4, 'Production Technician - WC50', '0000-00-00', 'M', 'M', '0000-00-00', 1, 20, '0000-00-00 00:00:00'),
(96, '912141525', 'adventure-works\\elizabeth0', '7AE9BC', 4, 'Production Technician - WC50', '0000-00-00', 'M', 'F', '0000-00-00', 5, 22, '0000-00-00 00:00:00'),
(97, '370581729', 'adventure-works\\mandar0', '7AE9C2', 4, 'Production Technician - WC50', '0000-00-00', 'S', 'M', '0000-00-00', 0, 20, '0000-00-00 00:00:00'),
(98, '152085091', 'adventure-works\\sameer0', '7AE9C6', 4, 'Production Technician - WC50', '0000-00-00', 'M', 'M', '0000-00-00', 4, 22, '0000-00-00 00:00:00'),
(99, '431859843', 'adventure-works\\nuan0', '7AE9CA', 4, 'Production Technician - WC50', '0000-00-00', 'S', 'M', '0000-00-00', 2, 21, '0000-00-00 00:00:00'),
(100, '204035155', 'adventure-works\\lolan0', '7AE9CE', 4, 'Production Technician - WC50', '0000-00-00', 'M', 'M', '0000-00-00', 7, 23, '0000-00-00 00:00:00'),
(101, '153288994', 'adventure-works\\houman0', '7AE9D1', 4, 'Production Technician - WC50', '0000-00-00', 'M', 'M', '0000-00-00', 3, 21, '0000-00-00 00:00:00'),
(102, '360868122', 'adventure-works\\zheng0', '7AEA80', 3, 'Production Supervisor - WC10', '0000-00-00', 'S', 'M', '0000-00-00', 66, 53, '0000-00-00 00:00:00'),
(103, '455563743', 'adventure-works\\ebru0', '7AEAAC', 4, 'Production Technician - WC10', '0000-00-00', 'S', 'M', '0000-00-00', 93, 66, '0000-00-00 00:00:00'),
(104, '717889520', 'adventure-works\\mary1', '7AEAB4', 4, 'Production Technician - WC10', '0000-00-00', 'M', 'F', '0000-00-00', 94, 67, '0000-00-00 00:00:00'),
(105, '801365500', 'adventure-works\\kevin2', '7AEABC', 4, 'Production Technician - WC10', '0000-00-00', 'S', 'M', '0000-00-00', 90, 65, '0000-00-00 00:00:00'),
(106, '561196580', 'adventure-works\\john4', '7AEAC2', 4, 'Production Technician - WC10', '0000-00-00', 'S', 'M', '0000-00-00', 92, 66, '0000-00-00 00:00:00'),
(107, '393421437', 'adventure-works\\christopher0', '7AEAC6', 4, 'Production Technician - WC10', '0000-00-00', 'M', 'M', '0000-00-00', 91, 65, '0000-00-00 00:00:00'),
(108, '630184120', 'adventure-works\\jinghao0', '7AEB80', 3, 'Production Supervisor - WC50', '0000-00-00', 'S', 'M', '0000-00-00', 77, 58, '0000-00-00 00:00:00'),
(109, '113695504', 'adventure-works\\alice0', '7AEBAC', 4, 'Production Technician - WC50', '0000-00-00', 'M', 'F', '0000-00-00', 95, 67, '0000-00-00 00:00:00'),
(110, '857651804', 'adventure-works\\jun0', '7AEBB4', 4, 'Production Technician - WC50', '0000-00-00', 'S', 'M', '0000-00-00', 90, 65, '0000-00-00 00:00:00'),
(111, '415823523', 'adventure-works\\suroor0', '7AEBBC', 4, 'Production Technician - WC50', '0000-00-00', 'S', 'M', '0000-00-00', 93, 66, '0000-00-00 00:00:00'),
(112, '981597097', 'adventure-works\\john1', '7AEBC2', 4, 'Production Technician - WC50', '0000-00-00', 'S', 'M', '0000-00-00', 91, 65, '0000-00-00 00:00:00'),
(113, '54759846', 'adventure-works\\linda0', '7AEBC6', 4, 'Production Technician - WC50', '0000-00-00', 'M', 'F', '0000-00-00', 96, 68, '0000-00-00 00:00:00'),
(114, '342607223', 'adventure-works\\mindaugas0', '7AEBCA', 4, 'Production Technician - WC50', '0000-00-00', 'M', 'M', '0000-00-00', 97, 68, '0000-00-00 00:00:00'),
(115, '563680513', 'adventure-works\\angela0', '7AEBCE', 4, 'Production Technician - WC50', '0000-00-00', 'S', 'F', '0000-00-00', 92, 66, '0000-00-00 00:00:00'),
(116, '398737566', 'adventure-works\\michael2', '7AEBD1', 4, 'Production Technician - WC50', '0000-00-00', 'S', 'M', '0000-00-00', 98, 69, '0000-00-00 00:00:00'),
(117, '599942664', 'adventure-works\\chad0', '7AEBD3', 4, 'Production Technician - WC50', '0000-00-00', 'M', 'M', '0000-00-00', 99, 69, '0000-00-00 00:00:00'),
(118, '222400012', 'adventure-works\\don0', '7AEBD5', 4, 'Production Technician - WC50', '0000-00-00', 'M', 'M', '0000-00-00', 88, 64, '0000-00-00 00:00:00'),
(119, '334834274', 'adventure-works\\michael4', '7AEBD7', 4, 'Production Technician - WC50', '0000-00-00', 'S', 'M', '0000-00-00', 94, 67, '0000-00-00 00:00:00'),
(120, '211789056', 'adventure-works\\kitti0', '7AEBD9', 4, 'Production Technician - WC50', '0000-00-00', 'S', 'F', '0000-00-00', 89, 64, '0000-00-00 00:00:00'),
(121, '521265716', 'adventure-works\\pilar0', '7AEC80', 3, 'Shipping and Receiving Supervisor', '0000-00-00', 'S', 'M', '0000-00-00', 93, 66, '0000-00-00 00:00:00'),
(122, '586486572', 'adventure-works\\susan0', '7AECAC', 4, 'Stocker', '0000-00-00', 'S', 'F', '0000-00-00', 97, 68, '0000-00-00 00:00:00'),
(123, '337752649', 'adventure-works\\vamsi0', '7AECB4', 4, 'Shipping and Receiving Clerk', '0000-00-00', 'M', 'M', '0000-00-00', 95, 67, '0000-00-00 00:00:00'),
(124, '420776180', 'adventure-works\\kim0', '7AECBC', 4, 'Stocker', '0000-00-00', 'S', 'F', '0000-00-00', 98, 69, '0000-00-00 00:00:00'),
(125, '584205124', 'adventure-works\\matthias0', '7AECC2', 4, 'Shipping and Receiving Clerk', '0000-00-00', 'M', 'M', '0000-00-00', 94, 67, '0000-00-00 00:00:00'),
(126, '652779496', 'adventure-works\\jimmy0', '7AECC6', 4, 'Stocker', '0000-00-00', 'M', 'M', '0000-00-00', 96, 68, '0000-00-00 00:00:00'),
(127, '750905084', 'adventure-works\\david4', '7AED80', 3, 'Production Supervisor - WC40', '0000-00-00', 'S', 'M', '0000-00-00', 73, 56, '0000-00-00 00:00:00'),
(128, '384162788', 'adventure-works\\paul0', '7AEDAC', 4, 'Production Technician - WC40', '0000-00-00', 'S', 'M', '0000-00-00', 68, 54, '0000-00-00 00:00:00'),
(129, '502058701', 'adventure-works\\gary0', '7AEDB4', 4, 'Production Technician - WC40', '0000-00-00', 'S', 'M', '0000-00-00', 69, 54, '0000-00-00 00:00:00'),
(130, '578953538', 'adventure-works\\rob1', '7AEDBC', 4, 'Production Technician - WC40', '0000-00-00', 'S', 'M', '0000-00-00', 71, 55, '0000-00-00 00:00:00'),
(131, '273260055', 'adventure-works\\baris0', '7AEDC2', 4, 'Production Technician - WC40', '0000-00-00', 'S', 'M', '0000-00-00', 72, 56, '0000-00-00 00:00:00'),
(132, '1300049', 'adventure-works\\nicole0', '7AEDC6', 4, 'Production Technician - WC40', '0000-00-00', 'M', 'F', '0000-00-00', 67, 53, '0000-00-00 00:00:00'),
(133, '830150469', 'adventure-works\\michael1', '7AEDCA', 4, 'Production Technician - WC40', '0000-00-00', 'S', 'M', '0000-00-00', 70, 55, '0000-00-00 00:00:00'),
(134, '45615666', 'adventure-works\\eric0', '7AEE80', 3, 'Production Supervisor - WC20', '0000-00-00', 'M', 'M', '0000-00-00', 40, 40, '0000-00-00 00:00:00'),
(135, '964089218', 'adventure-works\\ivo0', '7AEEAC', 4, 'Production Technician - WC20', '0000-00-00', 'M', 'M', '0000-00-00', 9, 24, '0000-00-00 00:00:00'),
(136, '701156975', 'adventure-works\\sylvester0', '7AEEB4', 4, 'Production Technician - WC20', '0000-00-00', 'M', 'M', '0000-00-00', 4, 22, '0000-00-00 00:00:00'),
(137, '63761469', 'adventure-works\\anibal0', '7AEEBC', 4, 'Production Technician - WC20', '0000-00-00', 'S', 'F', '0000-00-00', 8, 24, '0000-00-00 00:00:00'),
(138, '25011600', 'adventure-works\\samantha0', '7AEEC2', 4, 'Production Technician - WC20', '0000-00-00', 'M', 'F', '0000-00-00', 7, 23, '0000-00-00 00:00:00'),
(139, '113393530', 'adventure-works\\hung-fu0', '7AEEC6', 4, 'Production Technician - WC20', '0000-00-00', 'S', 'M', '0000-00-00', 0, 20, '0000-00-00 00:00:00'),
(140, '339233463', 'adventure-works\\prasanna0', '7AEECA', 4, 'Production Technician - WC20', '0000-00-00', 'M', 'M', '0000-00-00', 5, 22, '0000-00-00 00:00:00'),
(141, '872923042', 'adventure-works\\min0', '7AEECE', 4, 'Production Technician - WC20', '0000-00-00', 'M', 'M', '0000-00-00', 1, 20, '0000-00-00 00:00:00'),
(142, '163347032', 'adventure-works\\olinda0', '7AEED1', 4, 'Production Technician - WC20', '0000-00-00', 'S', 'F', '0000-00-00', 3, 21, '0000-00-00 00:00:00'),
(143, '56772045', 'adventure-works\\krishna0', '7AEED3', 4, 'Production Technician - WC20', '0000-00-00', 'S', 'M', '0000-00-00', 2, 21, '0000-00-00 00:00:00'),
(144, '886023130', 'adventure-works\\paul1', '7AEED5', 4, 'Production Technician - WC20', '0000-00-00', 'M', 'M', '0000-00-00', 6, 23, '0000-00-00 00:00:00'),
(145, '386315192', 'adventure-works\\cynthia0', '7AEF80', 3, 'Production Supervisor - WC30', '0000-00-00', 'S', 'F', '0000-00-00', 69, 54, '0000-00-00 00:00:00'),
(146, '160739235', 'adventure-works\\jianshuo0', '7AEFAC', 4, 'Production Technician - WC30', '0000-00-00', 'S', 'M', '0000-00-00', 36, 38, '0000-00-00 00:00:00'),
(147, '604664374', 'adventure-works\\sandra0', '7AEFB4', 4, 'Production Technician - WC30', '0000-00-00', 'M', 'F', '0000-00-00', 37, 38, '0000-00-00 00:00:00'),
(148, '733022683', 'adventure-works\\jason0', '7AEFBC', 4, 'Production Technician - WC30', '0000-00-00', 'S', 'M', '0000-00-00', 38, 39, '0000-00-00 00:00:00'),
(149, '764853868', 'adventure-works\\andy0', '7AEFC2', 4, 'Production Technician - WC30', '0000-00-00', 'M', 'M', '0000-00-00', 39, 39, '0000-00-00 00:00:00'),
(150, '878395493', 'adventure-works\\michael5', '7AEFC6', 4, 'Production Technician - WC30', '0000-00-00', 'M', 'M', '0000-00-00', 35, 37, '0000-00-00 00:00:00'),
(151, '993310268', 'adventure-works\\rostislav0', '7AEFCA', 4, 'Production Technician - WC30', '0000-00-00', 'M', 'M', '0000-00-00', 40, 40, '0000-00-00 00:00:00'),
(152, '319472946', 'adventure-works\\yuhong0', '7AF044', 3, 'Production Supervisor - WC20', '0000-00-00', 'M', 'M', '0000-00-00', 41, 40, '0000-00-00 00:00:00'),
(153, '568596888', 'adventure-works\\hanying0', '7AF04560', 4, 'Production Technician - WC20', '0000-00-00', 'S', 'M', '0000-00-00', 15, 27, '0000-00-00 00:00:00'),
(154, '97728960', 'adventure-works\\raymond0', '7AF045A0', 4, 'Production Technician - WC20', '0000-00-00', 'M', 'M', '0000-00-00', 10, 25, '0000-00-00 00:00:00'),
(155, '212801092', 'adventure-works\\fadi0', '7AF045E0', 4, 'Production Technician - WC20', '0000-00-00', 'S', 'M', '0000-00-00', 16, 28, '0000-00-00 00:00:00'),
(156, '322160340', 'adventure-works\\lane0', '7AF04610', 4, 'Production Technician - WC20', '0000-00-00', 'M', 'M', '0000-00-00', 11, 25, '0000-00-00 00:00:00'),
(157, '812797414', 'adventure-works\\linda1', '7AF04630', 4, 'Production Technician - WC20', '0000-00-00', 'S', 'F', '0000-00-00', 12, 26, '0000-00-00 00:00:00'),
(158, '300946911', 'adventure-works\\shelley0', '7AF04650', 4, 'Production Technician - WC20', '0000-00-00', 'S', 'F', '0000-00-00', 14, 27, '0000-00-00 00:00:00'),
(159, '404159499', 'adventure-works\\terrence0', '7AF04670', 4, 'Production Technician - WC20', '0000-00-00', 'S', 'M', '0000-00-00', 13, 26, '0000-00-00 00:00:00'),
(160, '712885347', 'adventure-works\\jeff0', '7AF04C', 3, 'Production Supervisor - WC45', '0000-00-00', 'M', 'M', '0000-00-00', 74, 57, '0000-00-00 00:00:00'),
(161, '275962311', 'adventure-works\\kirk0', '7AF04D60', 4, 'Production Technician - WC45', '0000-00-00', 'S', 'M', '0000-00-00', 74, 57, '0000-00-00 00:00:00'),
(162, '514829225', 'adventure-works\\laura0', '7AF04DA0', 4, 'Production Technician - WC45', '0000-00-00', 'S', 'F', '0000-00-00', 75, 57, '0000-00-00 00:00:00'),
(163, '377784364', 'adventure-works\\alex0', '7AF04DE0', 4, 'Production Technician - WC45', '0000-00-00', 'M', 'M', '0000-00-00', 77, 58, '0000-00-00 00:00:00'),
(164, '65848458', 'adventure-works\\andrew1', '7AF04E10', 4, 'Production Technician - WC45', '0000-00-00', 'S', 'M', '0000-00-00', 73, 56, '0000-00-00 00:00:00'),
(165, '539490372', 'adventure-works\\chris0', '7AF04E30', 4, 'Production Technician - WC45', '0000-00-00', 'M', 'M', '0000-00-00', 76, 58, '0000-00-00 00:00:00'),
(166, '60114406', 'adventure-works\\jack0', '7AF054', 3, 'Production Supervisor - WC30', '0000-00-00', 'S', 'M', '0000-00-00', 68, 54, '0000-00-00 00:00:00'),
(167, '498138869', 'adventure-works\\david1', '7AF05560', 4, 'Production Technician - WC30', '0000-00-00', 'S', 'M', '0000-00-00', 25, 32, '0000-00-00 00:00:00'),
(168, '271438431', 'adventure-works\\garrett0', '7AF055A0', 4, 'Production Technician - WC30', '0000-00-00', 'S', 'M', '0000-00-00', 34, 37, '0000-00-00 00:00:00'),
(169, '351069889', 'adventure-works\\susan1', '7AF055E0', 4, 'Production Technician - WC30', '0000-00-00', 'S', 'F', '0000-00-00', 31, 35, '0000-00-00 00:00:00'),
(170, '476115505', 'adventure-works\\george0', '7AF05610', 4, 'Production Technician - WC30', '0000-00-00', 'M', 'M', '0000-00-00', 26, 33, '0000-00-00 00:00:00'),
(171, '746373306', 'adventure-works\\david3', '7AF05630', 4, 'Production Technician - WC30', '0000-00-00', 'S', 'M', '0000-00-00', 32, 36, '0000-00-00 00:00:00'),
(172, '364818297', 'adventure-works\\marc0', '7AF05650', 4, 'Production Technician - WC30', '0000-00-00', 'M', 'M', '0000-00-00', 22, 31, '0000-00-00 00:00:00'),
(173, '87268837', 'adventure-works\\eugene0', '7AF05670', 4, 'Production Technician - WC30', '0000-00-00', 'S', 'M', '0000-00-00', 33, 36, '0000-00-00 00:00:00'),
(174, '585408256', 'adventure-works\\benjamin0', '7AF05688', 4, 'Production Technician - WC30', '0000-00-00', 'S', 'M', '0000-00-00', 28, 34, '0000-00-00 00:00:00'),
(175, '259388196', 'adventure-works\\reed0', '7AF05698', 4, 'Production Technician - WC30', '0000-00-00', 'M', 'M', '0000-00-00', 23, 31, '0000-00-00 00:00:00'),
(176, '860123571', 'adventure-works\\david7', '7AF056A8', 4, 'Production Technician - WC30', '0000-00-00', 'M', 'M', '0000-00-00', 29, 34, '0000-00-00 00:00:00'),
(177, '551346974', 'adventure-works\\russell1', '7AF056B8', 4, 'Production Technician - WC30', '0000-00-00', 'M', 'M', '0000-00-00', 24, 32, '0000-00-00 00:00:00'),
(178, '568626529', 'adventure-works\\john3', '7AF056C8', 4, 'Production Technician - WC30', '0000-00-00', 'S', 'M', '0000-00-00', 27, 33, '0000-00-00 00:00:00'),
(179, '587567941', 'adventure-works\\jan0', '7AF056D8', 4, 'Production Technician - WC30', '0000-00-00', 'S', 'M', '0000-00-00', 30, 35, '0000-00-00 00:00:00'),
(180, '862951447', 'adventure-works\\katie0', '7AF05C', 3, 'Production Supervisor - WC20', '0000-00-00', 'S', 'F', '0000-00-00', 42, 41, '0000-00-00 00:00:00'),
(181, '545337468', 'adventure-works\\michael0', '7AF05D60', 4, 'Production Technician - WC20', '0000-00-00', 'S', 'M', '0000-00-00', 20, 30, '0000-00-00 00:00:00'),
(182, '368920189', 'adventure-works\\nitin0', '7AF05DA0', 4, 'Production Technician - WC20', '0000-00-00', 'S', 'M', '0000-00-00', 21, 30, '0000-00-00 00:00:00'),
(183, '969985265', 'adventure-works\\barbara0', '7AF05DE0', 4, 'Production Technician - WC20', '0000-00-00', 'M', 'F', '0000-00-00', 17, 28, '0000-00-00 00:00:00'),
(184, '305522471', 'adventure-works\\john2', '7AF05E10', 4, 'Production Technician - WC20', '0000-00-00', 'M', 'M', '0000-00-00', 18, 29, '0000-00-00 00:00:00'),
(185, '621932914', 'adventure-works\\stefen0', '7AF05E30', 4, 'Production Technician - WC20', '0000-00-00', 'S', 'M', '0000-00-00', 19, 29, '0000-00-00 00:00:00'),
(186, '551834634', 'adventure-works\\shane0', '7AF064', 3, 'Production Supervisor - WC45', '0000-00-00', 'S', 'M', '0000-00-00', 75, 57, '0000-00-00 00:00:00'),
(187, '713403643', 'adventure-works\\yvonne0', '7AF06560', 4, 'Production Technician - WC45', '0000-00-00', 'M', 'F', '0000-00-00', 79, 59, '0000-00-00 00:00:00'),
(188, '435234965', 'adventure-works\\douglas0', '7AF065A0', 4, 'Production Technician - WC45', '0000-00-00', 'M', 'M', '0000-00-00', 80, 60, '0000-00-00 00:00:00'),
(189, '187369436', 'adventure-works\\janeth0', '7AF065E0', 4, 'Production Technician - WC45', '0000-00-00', 'S', 'F', '0000-00-00', 81, 60, '0000-00-00 00:00:00'),
(190, '456839592', 'adventure-works\\robert0', '7AF06610', 4, 'Production Technician - WC45', '0000-00-00', 'S', 'M', '0000-00-00', 82, 61, '0000-00-00 00:00:00'),
(191, '399658727', 'adventure-works\\lionel0', '7AF06630', 4, 'Production Technician - WC45', '0000-00-00', 'S', 'M', '0000-00-00', 78, 59, '0000-00-00 00:00:00'),
(192, '634335025', 'adventure-works\\brenda0', '7AF06C', 3, 'Production Supervisor - WC40', '0000-00-00', 'M', 'F', '0000-00-00', 71, 55, '0000-00-00 00:00:00'),
(193, '761597760', 'adventure-works\\alejandro0', '7AF06D60', 4, 'Production Technician - WC40', '0000-00-00', 'S', 'M', '0000-00-00', 52, 46, '0000-00-00 00:00:00'),
(194, '295971920', 'adventure-works\\fred0', '7AF06DA0', 4, 'Production Technician - WC40', '0000-00-00', 'S', 'M', '0000-00-00', 47, 43, '0000-00-00 00:00:00'),
(195, '918737118', 'adventure-works\\kevin1', '7AF06DE0', 4, 'Production Technician - WC40', '0000-00-00', 'S', 'M', '0000-00-00', 58, 49, '0000-00-00 00:00:00'),
(196, '370487086', 'adventure-works\\shammi0', '7AF06E10', 4, 'Production Technician - WC40', '0000-00-00', 'M', 'M', '0000-00-00', 53, 46, '0000-00-00 00:00:00'),
(197, '632092621', 'adventure-works\\rajesh0', '7AF06E30', 4, 'Production Technician - WC40', '0000-00-00', 'M', 'M', '0000-00-00', 48, 44, '0000-00-00 00:00:00'),
(198, '19312190', 'adventure-works\\lorraine0', '7AF06E50', 4, 'Production Technician - WC40', '0000-00-00', 'M', 'F', '0000-00-00', 49, 44, '0000-00-00 00:00:00'),
(199, '992874797', 'adventure-works\\paula1', '7AF06E70', 4, 'Production Technician - WC40', '0000-00-00', 'M', 'F', '0000-00-00', 54, 47, '0000-00-00 00:00:00'),
(200, '749211824', 'adventure-works\\frank0', '7AF06E88', 4, 'Production Technician - WC40', '0000-00-00', 'M', 'M', '0000-00-00', 56, 48, '0000-00-00 00:00:00'),
(201, '746201340', 'adventure-works\\brian0', '7AF06E98', 4, 'Production Technician - WC40', '0000-00-00', 'S', 'M', '0000-00-00', 55, 47, '0000-00-00 00:00:00'),
(202, '436757988', 'adventure-works\\tawana0', '7AF06EA8', 4, 'Production Technician - WC40', '0000-00-00', 'S', 'M', '0000-00-00', 50, 45, '0000-00-00 00:00:00'),
(203, '693168613', 'adventure-works\\ken1', '7AF06EB8', 4, 'Production Technician - WC40', '0000-00-00', 'M', 'M', '0000-00-00', 51, 45, '0000-00-00 00:00:00'),
(204, '440379437', 'adventure-works\\gabe0', '7AF06EC8', 4, 'Production Technician - WC40', '0000-00-00', 'M', 'M', '0000-00-00', 57, 48, '0000-00-00 00:00:00'),
(205, '332349500', 'adventure-works\\lori0', '7AF074', 3, 'Production Supervisor - WC45', '0000-00-00', 'S', 'F', '0000-00-00', 76, 58, '0000-00-00 00:00:00'),
(206, '835460180', 'adventure-works\\stuart0', '7AF07560', 4, 'Production Technician - WC45', '0000-00-00', 'S', 'M', '0000-00-00', 84, 62, '0000-00-00 00:00:00'),
(207, '687685941', 'adventure-works\\greg0', '7AF075A0', 4, 'Production Technician - WC45', '0000-00-00', 'S', 'M', '0000-00-00', 85, 62, '0000-00-00 00:00:00'),
(208, '199546871', 'adventure-works\\scott0', '7AF075E0', 4, 'Production Technician - WC45', '0000-00-00', 'M', 'M', '0000-00-00', 86, 63, '0000-00-00 00:00:00'),
(209, '167554340', 'adventure-works\\kathie0', '7AF07610', 4, 'Production Technician - WC45', '0000-00-00', 'M', 'F', '0000-00-00', 87, 63, '0000-00-00 00:00:00'),
(210, '20244403', 'adventure-works\\belinda0', '7AF07630', 4, 'Production Technician - WC45', '0000-00-00', 'S', 'F', '0000-00-00', 83, 61, '0000-00-00 00:00:00'),
(211, '398223854', 'adventure-works\\hazem0', '7B40', 2, 'Quality Assurance Manager', '0000-00-00', 'S', 'M', '0000-00-00', 80, 60, '0000-00-00 00:00:00'),
(212, '885055826', 'adventure-works\\peng0', '7B56', 3, 'Quality Assurance Supervisor', '0000-00-00', 'M', 'M', '0000-00-00', 81, 60, '0000-00-00 00:00:00'),
(213, '343861179', 'adventure-works\\sootha0', '7B56B0', 4, 'Quality Assurance Technician', '0000-00-00', 'M', 'M', '0000-00-00', 85, 62, '0000-00-00 00:00:00'),
(214, '131471224', 'adventure-works\\andreas0', '7B56D0', 4, 'Quality Assurance Technician', '0000-00-00', 'M', 'M', '0000-00-00', 84, 62, '0000-00-00 00:00:00'),
(215, '381772114', 'adventure-works\\mark0', '7B56F0', 4, 'Quality Assurance Technician', '0000-00-00', 'S', 'M', '0000-00-00', 83, 61, '0000-00-00 00:00:00'),
(216, '403414852', 'adventure-works\\sean0', '7B5708', 4, 'Quality Assurance Technician', '0000-00-00', 'S', 'M', '0000-00-00', 82, 61, '0000-00-00 00:00:00'),
(217, '345106466', 'adventure-works\\zainal0', '7B5A', 3, 'Document Control Manager', '0000-00-00', 'M', 'M', '0000-00-00', 77, 58, '0000-00-00 00:00:00'),
(218, '540688287', 'adventure-works\\tengiz0', '7B5AB0', 4, 'Control Specialist', '0000-00-00', 'S', 'M', '0000-00-00', 76, 58, '0000-00-00 00:00:00'),
(219, '242381745', 'adventure-works\\sean1', '7B5AD0', 4, 'Document Control Assistant', '0000-00-00', 'S', 'M', '0000-00-00', 78, 59, '0000-00-00 00:00:00'),
(220, '260770918', 'adventure-works\\karen0', '7B5AF0', 4, 'Document Control Assistant', '0000-00-00', 'M', 'F', '0000-00-00', 79, 59, '0000-00-00 00:00:00'),
(221, '260805477', 'adventure-works\\chris1', '7B5B08', 4, 'Control Specialist', '0000-00-00', 'M', 'M', '0000-00-00', 75, 57, '0000-00-00 00:00:00'),
(222, '685233686', 'adventure-works\\ascott0', '7BC0', 2, 'Master Scheduler', '0000-00-00', 'S', 'M', '0000-00-00', 44, 42, '0000-00-00 00:00:00'),
(223, '981495526', 'adventure-works\\sairaj0', '7BD6', 3, 'Scheduling Assistant', '0000-00-00', 'M', 'M', '0000-00-00', 46, 43, '0000-00-00 00:00:00'),
(224, '621209647', 'adventure-works\\william0', '7BDA', 3, 'Scheduling Assistant', '0000-00-00', 'M', 'M', '0000-00-00', 45, 42, '0000-00-00 00:00:00'),
(225, '470689086', 'adventure-works\\alan0', '7BDE', 3, 'Scheduling Assistant', '0000-00-00', 'M', 'M', '0000-00-00', 47, 43, '0000-00-00 00:00:00'),
(226, '368691270', 'adventure-works\\brian1', '7BE1', 3, 'Scheduling Assistant', '0000-00-00', 'M', 'M', '0000-00-00', 48, 44, '0000-00-00 00:00:00'),
(227, '141165819', 'adventure-works\\gary1', '7C20', 2, 'Facilities Manager', '0000-00-00', 'M', 'M', '0000-00-00', 86, 63, '0000-00-00 00:00:00'),
(228, '553069203', 'adventure-works\\christian0', '7C2B', 3, 'Maintenance Supervisor', '0000-00-00', 'M', 'M', '0000-00-00', 92, 66, '0000-00-00 00:00:00'),
(229, '879334904', 'adventure-works\\lori1', '7C2B58', 4, 'Janitor', '0000-00-00', 'M', 'F', '0000-00-00', 90, 65, '0000-00-00 00:00:00'),
(230, '28414965', 'adventure-works\\stuart1', '7C2B68', 4, 'Janitor', '0000-00-00', 'M', 'M', '0000-00-00', 88, 64, '0000-00-00 00:00:00'),
(231, '153479919', 'adventure-works\\jo1', '7C2B78', 4, 'Janitor', '0000-00-00', 'M', 'F', '0000-00-00', 91, 65, '0000-00-00 00:00:00'),
(232, '646304055', 'adventure-works\\pat0', '7C2B84', 4, 'Janitor', '0000-00-00', 'S', 'M', '0000-00-00', 89, 64, '0000-00-00 00:00:00'),
(233, '552560652', 'adventure-works\\magnus0', '7C2D', 3, 'Facilities Administrative Assistant', '0000-00-00', 'M', 'M', '0000-00-00', 87, 63, '0000-00-00 00:00:00'),
(234, '184188301', 'adventure-works\\laura1', '84', 1, 'Chief Financial Officer', '0000-00-00', 'M', 'F', '0000-00-00', 0, 20, '0000-00-00 00:00:00'),
(235, '535145551', 'adventure-works\\paula0', '8560', 2, 'Human Resources Manager', '0000-00-00', 'M', 'F', '0000-00-00', 54, 47, '0000-00-00 00:00:00'),
(236, '476980013', 'adventure-works\\grant0', '856B', 3, 'Human Resources Administrative Assistant', '0000-00-00', 'S', 'M', '0000-00-00', 53, 46, '0000-00-00 00:00:00'),
(237, '416679555', 'adventure-works\\hao0', '856D', 3, 'Human Resources Administrative Assistant', '0000-00-00', 'S', 'M', '0000-00-00', 52, 46, '0000-00-00 00:00:00'),
(238, '264306399', 'adventure-works\\vidur0', '856F', 3, 'Recruiter', '0000-00-00', 'S', 'M', '0000-00-00', 50, 45, '0000-00-00 00:00:00'),
(239, '619308550', 'adventure-works\\mindy0', '857080', 3, 'Benefits Specialist', '0000-00-00', 'M', 'F', '0000-00-00', 51, 45, '0000-00-00 00:00:00'),
(240, '332040978', 'adventure-works\\willis0', '857180', 3, 'Recruiter', '0000-00-00', 'S', 'M', '0000-00-00', 49, 44, '0000-00-00 00:00:00'),
(241, '30845', 'adventure-works\\david6', '85A0', 2, 'Accounts Manager', '0000-00-00', 'M', 'M', '0000-00-00', 57, 48, '0000-00-00 00:00:00'),
(242, '363923697', 'adventure-works\\deborah0', '85AB', 3, 'Accounts Receivable Specialist', '0000-00-00', 'M', 'F', '0000-00-00', 60, 50, '0000-00-00 00:00:00'),
(243, '60517918', 'adventure-works\\candy0', '85AD', 3, 'Accounts Receivable Specialist', '0000-00-00', 'S', 'F', '0000-00-00', 61, 50, '0000-00-00 00:00:00'),
(244, '931190412', 'adventure-works\\bryan1', '85AF', 3, 'Accounts Receivable Specialist', '0000-00-00', 'S', 'M', '0000-00-00', 62, 51, '0000-00-00 00:00:00'),
(245, '363910111', 'adventure-works\\barbara1', '85B080', 3, 'Accountant', '0000-00-00', 'M', 'F', '0000-00-00', 58, 49, '0000-00-00 00:00:00'),
(246, '663843431', 'adventure-works\\dragan0', '85B180', 3, 'Accounts Payable Specialist', '0000-00-00', 'M', 'M', '0000-00-00', 63, 51, '0000-00-00 00:00:00'),
(247, '519756660', 'adventure-works\\janet0', '85B280', 3, 'Accounts Payable Specialist', '0000-00-00', 'M', 'F', '0000-00-00', 64, 52, '0000-00-00 00:00:00'),
(248, '480951955', 'adventure-works\\mike0', '85B380', 3, 'Accountant', '0000-00-00', 'S', 'M', '0000-00-00', 59, 49, '0000-00-00 00:00:00'),
(249, '121491555', 'adventure-works\\wendy0', '85E0', 2, 'Finance Manager', '0000-00-00', 'S', 'F', '0000-00-00', 55, 47, '0000-00-00 00:00:00'),
(250, '895209680', 'adventure-works\\sheela0', '85EB', 3, 'Purchasing Manager', '0000-00-00', 'S', 'F', '0000-00-00', 49, 44, '0000-00-00 00:00:00'),
(251, '603686790', 'adventure-works\\mikael0', '85EB58', 4, 'Buyer', '0000-00-00', 'S', 'M', '0000-00-00', 59, 49, '0000-00-00 00:00:00'),
(252, '792847334', 'adventure-works\\arvind0', '85EB68', 4, 'Buyer', '0000-00-00', 'M', 'M', '0000-00-00', 60, 50, '0000-00-00 00:00:00'),
(253, '407505660', 'adventure-works\\linda2', '85EB78', 4, 'Buyer', '0000-00-00', 'M', 'F', '0000-00-00', 56, 48, '0000-00-00 00:00:00'),
(254, '482810518', 'adventure-works\\fukiko0', '85EB84', 4, 'Buyer', '0000-00-00', 'M', 'M', '0000-00-00', 57, 48, '0000-00-00 00:00:00'),
(255, '466142721', 'adventure-works\\gordon0', '85EB8C', 4, 'Buyer', '0000-00-00', 'M', 'M', '0000-00-00', 52, 46, '0000-00-00 00:00:00'),
(256, '367453993', 'adventure-works\\frank2', '85EB94', 4, 'Buyer', '0000-00-00', 'M', 'M', '0000-00-00', 58, 49, '0000-00-00 00:00:00'),
(257, '381073001', 'adventure-works\\eric2', '85EB9C', 4, 'Buyer', '0000-00-00', 'S', 'M', '0000-00-00', 54, 47, '0000-00-00 00:00:00'),
(258, '785853949', 'adventure-works\\erin0', '85EBA2', 4, 'Buyer', '0000-00-00', 'S', 'F', '0000-00-00', 53, 46, '0000-00-00 00:00:00'),
(259, '20269531', 'adventure-works\\ben0', '85EBA6', 4, 'Buyer', '0000-00-00', 'M', 'M', '0000-00-00', 55, 47, '0000-00-00 00:00:00'),
(260, '437296311', 'adventure-works\\annette0', '85EBAA', 4, 'Purchasing Assistant', '0000-00-00', 'M', 'F', '0000-00-00', 50, 45, '0000-00-00 00:00:00'),
(261, '280633567', 'adventure-works\\reinout0', '85EBAE', 4, 'Purchasing Assistant', '0000-00-00', 'M', 'M', '0000-00-00', 51, 45, '0000-00-00 00:00:00'),
(262, '231203233', 'adventure-works\\david5', '8610', 2, 'Assistant to the Chief Financial Officer', '0000-00-00', 'S', 'M', '0000-00-00', 56, 48, '0000-00-00 00:00:00'),
(263, '441044382', 'adventure-works\\jean0', '8C', 1, 'Information Services Manager', '0000-00-00', 'S', 'F', '0000-00-00', 65, 52, '0000-00-00 00:00:00'),
(264, '858323870', 'adventure-works\\stephanie0', '8D60', 2, 'Network Manager', '0000-00-00', 'S', 'F', '0000-00-00', 68, 54, '0000-00-00 00:00:00'),
(265, '749389530', 'adventure-works\\ashvini0', '8D6B', 3, 'Network Administrator', '0000-00-00', 'S', 'M', '0000-00-00', 70, 55, '0000-00-00 00:00:00'),
(266, '672243793', 'adventure-works\\peter1', '8D6D', 3, 'Network Administrator', '0000-00-00', 'S', 'M', '0000-00-00', 69, 54, '0000-00-00 00:00:00'),
(267, '58317344', 'adventure-works\\karen1', '8DA0', 2, 'Application Specialist', '0000-00-00', 'S', 'F', '0000-00-00', 74, 57, '0000-00-00 00:00:00'),
(268, '314747499', 'adventure-works\\ramesh0', '8DE0', 2, 'Application Specialist', '0000-00-00', 'S', 'M', '0000-00-00', 73, 56, '0000-00-00 00:00:00'),
(269, '671089628', 'adventure-works\\dan0', '8E10', 2, 'Application Specialist', '0000-00-00', 'M', 'M', '0000-00-00', 72, 56, '0000-00-00 00:00:00'),
(270, '643805155', 'adventure-works\\françois0', '8E30', 2, 'Database Administrator', '0000-00-00', 'S', 'M', '0000-00-00', 67, 53, '0000-00-00 00:00:00'),
(271, '929666391', 'adventure-works\\dan1', '8E50', 2, 'Database Administrator', '0000-00-00', 'M', 'M', '0000-00-00', 66, 53, '0000-00-00 00:00:00'),
(272, '525932996', 'adventure-works\\janaina0', '8E70', 2, 'Application Specialist', '0000-00-00', 'M', 'F', '0000-00-00', 71, 55, '0000-00-00 00:00:00'),
(273, '112432117', 'adventure-works\\brian3', '94', 1, 'Vice President of Sales', '0000-00-00', 'S', 'M', '0000-00-00', 10, 25, '0000-00-00 00:00:00'),
(274, '502097814', 'adventure-works\\stephen0', '9560', 2, 'North American Sales Manager', '0000-00-00', 'M', 'M', '0000-00-00', 14, 27, '0000-00-00 00:00:00'),
(275, '841560125', 'adventure-works\\michael9', '956B', 3, 'Sales Representative', '0000-00-00', 'S', 'M', '0000-00-00', 38, 39, '0000-00-00 00:00:00'),
(276, '191644724', 'adventure-works\\linda3', '956D', 3, 'Sales Representative', '0000-00-00', 'M', 'F', '0000-00-00', 27, 33, '0000-00-00 00:00:00'),
(277, '615389812', 'adventure-works\\jillian0', '956F', 3, 'Sales Representative', '0000-00-00', 'S', 'F', '0000-00-00', 24, 32, '0000-00-00 00:00:00'),
(278, '234474252', 'adventure-works\\garrett1', '957080', 3, 'Sales Representative', '0000-00-00', 'M', 'M', '0000-00-00', 33, 36, '0000-00-00 00:00:00'),
(279, '716374314', 'adventure-works\\tsvi0', '957180', 3, 'Sales Representative', '0000-00-00', 'M', 'M', '0000-00-00', 29, 34, '0000-00-00 00:00:00'),
(280, '61161660', 'adventure-works\\pamela0', '957280', 3, 'Sales Representative', '0000-00-00', 'S', 'F', '0000-00-00', 22, 31, '0000-00-00 00:00:00'),
(281, '139397894', 'adventure-works\\shu0', '957380', 3, 'Sales Representative', '0000-00-00', 'M', 'M', '0000-00-00', 26, 33, '0000-00-00 00:00:00'),
(282, '399771412', 'adventure-works\\josé1', '957440', 3, 'Sales Representative', '0000-00-00', 'M', 'M', '0000-00-00', 31, 35, '0000-00-00 00:00:00'),
(283, '987554265', 'adventure-works\\david8', '9574C0', 3, 'Sales Representative', '0000-00-00', 'S', 'M', '0000-00-00', 23, 31, '0000-00-00 00:00:00'),
(284, '90836195', 'adventure-works\\tete0', '957540', 3, 'Sales Representative', '0000-00-00', 'M', 'M', '0000-00-00', 39, 39, '0000-00-00 00:00:00'),
(285, '481044938', 'adventure-works\\syed0', '95A0', 2, 'Pacific Sales Manager', '0000-00-00', 'M', 'M', '0000-00-00', 20, 30, '0000-00-00 00:00:00'),
(286, '758596752', 'adventure-works\\lynn0', '95AB', 3, 'Sales Representative', '0000-00-00', 'S', 'F', '0000-00-00', 36, 38, '0000-00-00 00:00:00'),
(287, '982310417', 'adventure-works\\amy0', '95E0', 2, 'European Sales Manager', '0000-00-00', 'M', 'F', '0000-00-00', 21, 30, '0000-00-00 00:00:00'),
(288, '954276278', 'adventure-works\\rachel0', '95EB', 3, 'Sales Representative', '0000-00-00', 'S', 'F', '0000-00-00', 35, 37, '0000-00-00 00:00:00'),
(289, '668991357', 'adventure-works\\jae0', '95ED', 3, 'Sales Representative', '0000-00-00', 'M', 'F', '0000-00-00', 37, 38, '0000-00-00 00:00:00'),
(290, '134219713', 'adventure-works\\ranjit0', '95EF', 3, 'Sales Representative', '0000-00-00', 'S', 'M', '0000-00-00', 34, 37, '0000-00-00 00:00:00');

-- --------------------------------------------------------

--
-- Cấu trúc bảng cho bảng `migrations`
--

CREATE TABLE `migrations` (
  `id` int(10) UNSIGNED NOT NULL,
  `migration` varchar(255) NOT NULL,
  `batch` int(11) NOT NULL
) ENGINE=InnoDB DEFAULT CHARSET=utf8mb4 COLLATE=utf8mb4_unicode_ci;

--
-- Đang đổ dữ liệu cho bảng `migrations`
--

INSERT INTO `migrations` (`id`, `migration`, `batch`) VALUES
(1, '2019_12_14_000001_create_personal_access_tokens_table', 1),
(2, '2024_03_06_065806_create_products_table', 1);

-- --------------------------------------------------------

--
-- Cấu trúc bảng cho bảng `personal_access_tokens`
--

CREATE TABLE `personal_access_tokens` (
  `id` bigint(20) UNSIGNED NOT NULL,
  `tokenable_type` varchar(255) NOT NULL,
  `tokenable_id` bigint(20) UNSIGNED NOT NULL,
  `name` varchar(255) NOT NULL,
  `token` varchar(64) NOT NULL,
  `abilities` text DEFAULT NULL,
  `last_used_at` timestamp NULL DEFAULT NULL,
  `expires_at` timestamp NULL DEFAULT NULL,
  `created_at` timestamp NULL DEFAULT NULL,
  `updated_at` timestamp NULL DEFAULT NULL
) ENGINE=InnoDB DEFAULT CHARSET=utf8mb4 COLLATE=utf8mb4_unicode_ci;

-- --------------------------------------------------------

--
-- Cấu trúc bảng cho bảng `shift`
--

CREATE TABLE `shift` (
  `ShiftID` tinyint(4) NOT NULL,
  `Name` longtext NOT NULL,
  `StartTime` time NOT NULL,
  `EndTime` time NOT NULL,
  `ModifiedDate` datetime NOT NULL
) ENGINE=InnoDB DEFAULT CHARSET=utf8mb4 COLLATE=utf8mb4_unicode_ci;

--
-- Đang đổ dữ liệu cho bảng `shift`
--

INSERT INTO `shift` (`ShiftID`, `Name`, `StartTime`, `EndTime`, `ModifiedDate`) VALUES
(0, 'Name', '00:00:00', '00:00:00', '0000-00-00 00:00:00'),
(1, 'Day', '07:00:00', '15:00:00', '0000-00-00 00:00:00'),
(2, 'Evening', '15:00:00', '23:00:00', '0000-00-00 00:00:00'),
(3, 'Night', '23:00:00', '07:00:00', '0000-00-00 00:00:00');

--
-- Chỉ mục cho các bảng đã đổ
--

--
-- Chỉ mục cho bảng `department`
--
ALTER TABLE `department`
  ADD PRIMARY KEY (`DepartmentID`);

--
-- Chỉ mục cho bảng `employees`
--
ALTER TABLE `employees`
  ADD PRIMARY KEY (`BusinessEntityID`);

--
-- Chỉ mục cho bảng `migrations`
--
ALTER TABLE `migrations`
  ADD PRIMARY KEY (`id`);

--
-- Chỉ mục cho bảng `personal_access_tokens`
--
ALTER TABLE `personal_access_tokens`
  ADD PRIMARY KEY (`id`),
  ADD UNIQUE KEY `personal_access_tokens_token_unique` (`token`),
  ADD KEY `personal_access_tokens_tokenable_type_tokenable_id_index` (`tokenable_type`,`tokenable_id`);

--
-- Chỉ mục cho bảng `shift`
--
ALTER TABLE `shift`
  ADD PRIMARY KEY (`ShiftID`);

--
-- AUTO_INCREMENT cho các bảng đã đổ
--

--
-- AUTO_INCREMENT cho bảng `migrations`
--
ALTER TABLE `migrations`
  MODIFY `id` int(10) UNSIGNED NOT NULL AUTO_INCREMENT, AUTO_INCREMENT=3;

--
-- AUTO_INCREMENT cho bảng `personal_access_tokens`
--
ALTER TABLE `personal_access_tokens`
  MODIFY `id` bigint(20) UNSIGNED NOT NULL AUTO_INCREMENT;
COMMIT;

/*!40101 SET CHARACTER_SET_CLIENT=@OLD_CHARACTER_SET_CLIENT */;
/*!40101 SET CHARACTER_SET_RESULTS=@OLD_CHARACTER_SET_RESULTS */;
/*!40101 SET COLLATION_CONNECTION=@OLD_COLLATION_CONNECTION */;
